<?xml version="1.0" encoding="UTF-8"?>
<rss version="2.0" xmlns:atom="http://www.w3.org/2005/Atom">
	<channel>
		<title></title>
		<description>Static blogging made easy</description>
		<link>http://statiq.io</link>
		<atom:link href="http://statiq.io/feed.xml" rel="self" type="application/rss+xml" />
		
			<item>
				<title>Static Blogging</title>
				<description># STATIC BLOGGING
## Ridiculous high speeds. Never crashes.

&lt;a href=&quot;http://store.statiq.io&quot; class=&quot;get-started-btn&quot;&gt;Get Started&lt;/a&gt;
&lt;img src=&quot;img/arrow.png&quot; class=&quot;arrow&quot; /&gt;</description>
				<pubDate>Thu, 28 Nov 2013 00:00:00 -0700</pubDate>
				<link>http://statiq.io//2013/11/28/static-blogging/</link>
				<guid isPermaLink="true">http://statiq.io//2013/11/28/static-blogging/</guid>
			</item>
		
			<item>
				<title>Easy to Use</title>
				<description>###Easy to Use

Our static engine converts your blog post to HTML and posts it to your site. Published with one click.</description>
				<pubDate>Wed, 27 Nov 2013 00:00:00 -0700</pubDate>
				<link>http://statiq.io//2013/11/27/easy-to-use/</link>
				<guid isPermaLink="true">http://statiq.io//2013/11/27/easy-to-use/</guid>
			</item>
		
			<item>
				<title>No Crashes</title>
				<description>### No Crashes

No database. No crashes. Unlike Wordpress, your posts will not be pulled from a database, slowing down your site.</description>
				<pubDate>Tue, 26 Nov 2013 00:00:00 -0700</pubDate>
				<link>http://statiq.io//2013/11/26/no-crashes/</link>
				<guid isPermaLink="true">http://statiq.io//2013/11/26/no-crashes/</guid>
			</item>
		
			<item>
				<title>Speed</title>
				<description>### Speed

All of the code on your site is yours. All of the content is easily modified to any design or layout that you can dream of.</description>
				<pubDate>Mon, 25 Nov 2013 00:00:00 -0700</pubDate>
				<link>http://statiq.io//2013/11/25/speed/</link>
				<guid isPermaLink="true">http://statiq.io//2013/11/25/speed/</guid>
			</item>
		
			<item>
				<title>Open Sources</title>
				<description>### Open Sources

All of the code on your site is yours. All of the content is easily modified to any design or layout that you can dream of.</description>
				<pubDate>Sun, 24 Nov 2013 00:00:00 -0700</pubDate>
				<link>http://statiq.io//2013/11/24/open-sources/</link>
				<guid isPermaLink="true">http://statiq.io//2013/11/24/open-sources/</guid>
			</item>
		
			<item>
				<title>SEO</title>
				<description>### SEO

You receive the same on-site search engine optimization value from your hosted content. All the valid metadata and tags are exactly where you need them to be.</description>
				<pubDate>Sat, 23 Nov 2013 00:00:00 -0700</pubDate>
				<link>http://statiq.io//2013/11/23/seo/</link>
				<guid isPermaLink="true">http://statiq.io//2013/11/23/seo/</guid>
			</item>
		
			<item>
				<title>Why I Never used Static Blogging</title>
				<description>&lt;p&gt;Why I Never Used Static Blogging&lt;/p&gt;

&lt;ol&gt;
&lt;li&gt;Never heard of it&lt;/li&gt;
&lt;/ol&gt;

&lt;p&gt;I just got introduced to the idea of static blogging this weekend. I have a Wordpress site, and that&amp;#39;s the only thing I&amp;#39;ve ever heard of when it comes to blogging. Wordpress was synonomous with Blog in my mind. Now that I know about it, I&amp;#39;m hooked! It&amp;#39;s &lt;/p&gt;

&lt;p&gt;A good friend shares the awesome things they find. Static blogging is going to make you geeks out there feel like you hit the jackpot.&lt;/p&gt;

&lt;ol&gt;
&lt;li&gt;It sounded complicated&lt;/li&gt;
&lt;/ol&gt;

&lt;p&gt;It&amp;#39;s not as complicated as I thought. Honestly, it was something new to learn, and when I have a million things to learn, I have to budget my time. What I didn&amp;#39;t realize, is how easy &lt;a href=&quot;http://jekyllrb.com/&quot;&gt;Jekyll&lt;/a&gt; would be to learn. I actually learned it all in a few hours the first night of Startup Weekend after browsing their &lt;a href=&quot;http://jekyllrb.com/docs/home/&quot;&gt;documentation&lt;/a&gt;.&lt;/p&gt;

&lt;p&gt;I started the weekend with no knowledge of Jekyll, and will finish with a Jekyll site of my own. It really was fast and easy.&lt;/p&gt;

&lt;ol&gt;
&lt;li&gt;No good themes&lt;/li&gt;
&lt;/ol&gt;

&lt;p&gt;Apparently there isn&amp;#39;t a good place to get beautiful themes for Jekyll, &lt;a href=&quot;http://docs.getpelican.com/en/3.3.0/&quot;&gt;Pelican&lt;/a&gt;, or any other static blogging engine. &lt;/p&gt;

&lt;p&gt;The lack of design is probably because no one has ever heard of them, and it sounds complicated. Statiq is changing that, by making static blogging easier and educating people on its advantages.&lt;/p&gt;

&lt;blockquote&gt;
&lt;p&gt;We&amp;#39;re bringing sexy to static blogging. -&lt;a href=&quot;http://twitter.com/jkhowland&quot;&gt;Joshua Howland&lt;/a&gt;&lt;/p&gt;

&lt;p&gt;Right now, for the first 20 customers, if you &lt;a href=&quot;http://www.store.statiq.io/&quot;&gt;buy our first theme&lt;/a&gt;, you&amp;#39;ll get a &lt;strong&gt;free lifetime membership access&lt;/strong&gt; to all of our future themes, as well as access to use our static blog engine, which will provide a slick interface for you to edit your blog, and generate the html files for you. This is an amazing deal if you get in early!&lt;/p&gt;
&lt;/blockquote&gt;
</description>
				<pubDate>Fri, 22 Nov 2013 11:16:00 +0000</pubDate>
				<link>http://statiq.io//2013/11/22/why-i-never-used-static-blogging/</link>
				<guid isPermaLink="true">http://statiq.io//2013/11/22/why-i-never-used-static-blogging/</guid>
			</item>
		
			<item>
				<title>Secure</title>
				<description>### Secure

Never worry about getting your site hacked. Since there isn’t a database, there’s nothing to hack.</description>
				<pubDate>Fri, 22 Nov 2013 00:00:00 -0700</pubDate>
				<link>http://statiq.io//2013/11/22/secure/</link>
				<guid isPermaLink="true">http://statiq.io//2013/11/22/secure/</guid>
			</item>
		
			<item>
				<title>Register</title>
				<description>&lt;a href=&quot;http://www.store.statiq.io&quot; class=&quot;get-started-btn&quot;&gt;Get Started&lt;/a&gt;</description>
				<pubDate>Thu, 21 Nov 2013 00:00:00 -0700</pubDate>
				<link>http://statiq.io//2013/11/21/register/</link>
				<guid isPermaLink="true">http://statiq.io//2013/11/21/register/</guid>
			</item>
		
	</channel>
</rss>